Uhrzeit, Tag, Domain, Status
04:34:01,Thursday,alvaropuente.dev,Server ist aktiv
05:21:33,Thursday,alvaropuente.dev,Server ist aktiv
06:20:51,Thursday,alvaropuente.dev,Server ist aktiv
07:16:47,Thursday,alvaropuente.dev,Server ist aktiv
08:24:15,Thursday,alvaropuente.dev,Server ist aktiv
09:15:57,Thursday,alvaropuente.dev,Server ist aktiv
10:21:17,Thursday,alvaropuente.dev,Server ist aktiv
11:17:53,Thursday,alvaropuente.dev,Server ist aktiv
12:18:07,Thursday,alvaropuente.dev,Server ist aktiv
13:14:52,Thursday,alvaropuente.dev,Server ist aktiv
14:33:52,Thursday,alvaropuente.dev,Server ist aktiv
15:20:03,Thursday,alvaropuente.dev,Server ist aktiv
16:16:12,Thursday,alvaropuente.dev,Server ist aktiv
17:19:22,Thursday,alvaropuente.dev,Server ist aktiv
18:20:49,Thursday,alvaropuente.dev,Server ist aktiv
19:15:43,Thursday,alvaropuente.dev,Server ist aktiv
20:23:27,Thursday,alvaropuente.dev,Server ist aktiv
21:14:12,Thursday,alvaropuente.dev,Server ist aktiv
22:17:54,Thursday,alvaropuente.dev,Server ist aktiv
23:15:37,Thursday,alvaropuente.dev,Server ist aktiv
00:16:04,Friday,alvaropuente.dev,Server ist aktiv
01:16:42,Friday,alvaropuente.dev,Server ist aktiv
03:16:46,Friday,alvaropuente.dev,Server ist aktiv
04:35:04,Friday,alvaropuente.dev,Server ist aktiv
05:21:19,Friday,alvaropuente.dev,Server ist aktiv
06:21:49,Friday,alvaropuente.dev,Server ist aktiv
07:17:32,Friday,alvaropuente.dev,Server ist aktiv
08:24:06,Friday,alvaropuente.dev,Server ist aktiv
09:17:22,Friday,alvaropuente.dev,Server ist aktiv
10:21:05,Friday,alvaropuente.dev,Server ist aktiv
11:17:37,Friday,alvaropuente.dev,Server ist aktiv
12:17:21,Friday,alvaropuente.dev,Server ist aktiv
13:14:51,Friday,alvaropuente.dev,Server ist aktiv
14:32:15,Friday,alvaropuente.dev,Server ist aktiv
15:19:03,Friday,alvaropuente.dev,Server ist aktiv
16:16:47,Friday,alvaropuente.dev,Server ist aktiv
17:18:41,Friday,alvaropuente.dev,Server ist aktiv
18:20:59,Friday,alvaropuente.dev,Server ist aktiv
19:15:56,Friday,alvaropuente.dev,Server ist aktiv
20:22:35,Friday,alvaropuente.dev,Server ist aktiv
21:14:31,Friday,alvaropuente.dev,Server ist aktiv
22:19:02,Friday,alvaropuente.dev,Server ist aktiv
23:15:22,Friday,alvaropuente.dev,Server ist aktiv
00:17:37,Saturday,alvaropuente.dev,Server ist aktiv
01:16:54,Saturday,alvaropuente.dev,Server ist aktiv
03:14:08,Saturday,alvaropuente.dev,Server ist aktiv
04:32:01,Saturday,alvaropuente.dev,Server ist aktiv
05:18:57,Saturday,alvaropuente.dev,Server ist aktiv
06:21:32,Saturday,alvaropuente.dev,Server ist aktiv
07:16:14,Saturday,alvaropuente.dev,Server ist aktiv
08:24:07,Saturday,alvaropuente.dev,Server ist aktiv
09:15:18,Saturday,alvaropuente.dev,Server ist aktiv
10:19:25,Saturday,alvaropuente.dev,Server ist aktiv
11:16:58,Saturday,alvaropuente.dev,Server ist aktiv
12:16:50,Saturday,alvaropuente.dev,Server ist aktiv
13:13:56,Saturday,alvaropuente.dev,Server ist aktiv
14:30:21,Saturday,alvaropuente.dev,Server ist aktiv
15:17:08,Saturday,alvaropuente.dev,Server ist aktiv
16:14:12,Saturday,alvaropuente.dev,Server ist aktiv
17:16:14,Saturday,alvaropuente.dev,Server ist aktiv
18:20:38,Saturday,alvaropuente.dev,Server ist aktiv
19:14:16,Saturday,alvaropuente.dev,Server ist aktiv
20:23:00,Saturday,alvaropuente.dev,Server ist aktiv
21:12:18,Saturday,alvaropuente.dev,Server ist aktiv
22:16:34,Saturday,alvaropuente.dev,Server ist aktiv
23:14:58,Saturday,alvaropuente.dev,Server ist aktiv
00:17:53,Sunday,alvaropuente.dev,Server ist aktiv
01:16:16,Sunday,alvaropuente.dev,Server ist aktiv
03:21:07,Sunday,alvaropuente.dev,Server ist aktiv
04:35:40,Sunday,alvaropuente.dev,Server ist aktiv
05:19:38,Sunday,alvaropuente.dev,Server ist aktiv
06:19:16,Sunday,alvaropuente.dev,Server ist aktiv
07:17:09,Sunday,alvaropuente.dev,Server ist aktiv
08:23:53,Sunday,alvaropuente.dev,Server ist aktiv
09:14:13,Sunday,alvaropuente.dev,Server ist aktiv
10:19:35,Sunday,alvaropuente.dev,Server ist aktiv
11:17:43,Sunday,alvaropuente.dev,Server ist aktiv
12:17:06,Sunday,alvaropuente.dev,Server ist aktiv
13:13:30,Sunday,alvaropuente.dev,Server ist aktiv
14:31:14,Sunday,alvaropuente.dev,Server ist aktiv
15:17:14,Sunday,alvaropuente.dev,Server ist aktiv
16:15:05,Sunday,alvaropuente.dev,Server ist aktiv
17:18:13,Sunday,alvaropuente.dev,Server ist aktiv
18:21:41,Sunday,alvaropuente.dev,Server ist aktiv
19:13:29,Sunday,alvaropuente.dev,Server ist aktiv
20:20:54,Sunday,alvaropuente.dev,Server ist aktiv
21:12:59,Sunday,alvaropuente.dev,Server ist aktiv
22:18:58,Sunday,alvaropuente.dev,Server ist aktiv
23:14:38,Sunday,alvaropuente.dev,Server ist aktiv
00:15:30,Monday,alvaropuente.dev,Server ist aktiv
01:16:57,Monday,alvaropuente.dev,Server ist aktiv
03:18:07,Monday,alvaropuente.dev,Server ist aktiv
04:37:13,Monday,alvaropuente.dev,Server ist aktiv
05:19:58,Monday,alvaropuente.dev,Server ist aktiv
06:20:30,Monday,alvaropuente.dev,Server ist aktiv
07:17:23,Monday,alvaropuente.dev,Server ist aktiv
08:24:57,Monday,alvaropuente.dev,Server ist aktiv
09:16:37,Monday,alvaropuente.dev,Server ist aktiv
10:22:55,Monday,alvaropuente.dev,Server ist aktiv
11:21:31,Monday,alvaropuente.dev,Server ist aktiv
12:18:14,Monday,alvaropuente.dev,Server ist aktiv
13:14:30,Monday,alvaropuente.dev,Server ist aktiv
14:33:47,Monday,alvaropuente.dev,Server ist aktiv
15:20:14,Monday,alvaropuente.dev,Server ist aktiv
16:16:35,Monday,alvaropuente.dev,Server ist aktiv
17:19:13,Monday,alvaropuente.dev,Server ist aktiv
18:21:51,Monday,alvaropuente.dev,Server ist aktiv
19:15:07,Monday,alvaropuente.dev,Server ist aktiv
20:22:39,Monday,alvaropuente.dev,Server ist aktiv
21:14:23,Monday,alvaropuente.dev,Server ist aktiv
22:18:07,Monday,alvaropuente.dev,Server ist aktiv
23:16:23,Monday,alvaropuente.dev,Server ist aktiv
00:16:03,Tuesday,alvaropuente.dev,Server ist aktiv
01:16:37,Tuesday,alvaropuente.dev,Server ist aktiv
03:16:08,Tuesday,alvaropuente.dev,Server ist aktiv
04:34:42,Tuesday,alvaropuente.dev,Server ist aktiv
05:20:44,Tuesday,alvaropuente.dev,Server ist aktiv
06:19:54,Tuesday,alvaropuente.dev,Server ist aktiv
07:17:30,Tuesday,alvaropuente.dev,Server ist aktiv
08:24:07,Tuesday,alvaropuente.dev,Server ist aktiv
09:16:00,Tuesday,alvaropuente.dev,Server ist aktiv
10:22:47,Tuesday,alvaropuente.dev,Server ist aktiv
11:18:29,Tuesday,alvaropuente.dev,Server ist aktiv
12:17:26,Tuesday,alvaropuente.dev,Server ist aktiv
13:15:34,Tuesday,alvaropuente.dev,Server ist aktiv
14:33:17,Tuesday,alvaropuente.dev,Server ist aktiv
15:19:38,Tuesday,alvaropuente.dev,Server ist aktiv
16:15:54,Tuesday,alvaropuente.dev,Server ist aktiv
17:18:56,Tuesday,alvaropuente.dev,Server ist aktiv
18:24:13,Tuesday,alvaropuente.dev,Server ist aktiv
19:15:10,Tuesday,alvaropuente.dev,Server ist aktiv
20:22:47,Tuesday,alvaropuente.dev,Server ist aktiv
21:13:13,Tuesday,alvaropuente.dev,Server ist aktiv
22:17:52,Tuesday,alvaropuente.dev,Server ist aktiv
23:18:23,Tuesday,alvaropuente.dev,Server ist aktiv
00:16:15,Wednesday,alvaropuente.dev,Server ist aktiv
01:19:07,Wednesday,alvaropuente.dev,Server ist aktiv
03:16:33,Wednesday,alvaropuente.dev,Server ist aktiv
04:34:59,Wednesday,alvaropuente.dev,Server ist aktiv
05:19:17,Wednesday,alvaropuente.dev,ANTWORTET NICHT
06:19:38,Wednesday,alvaropuente.dev,Server ist aktiv
07:16:57,Wednesday,alvaropuente.dev,Server ist aktiv
08:24:42,Wednesday,alvaropuente.dev,Server ist aktiv
09:16:11,Wednesday,alvaropuente.dev,Server ist aktiv
10:20:48,Wednesday,alvaropuente.dev,Server ist aktiv
11:17:53,Wednesday,alvaropuente.dev,Server ist aktiv
12:19:48,Wednesday,alvaropuente.dev,Server ist aktiv
13:14:10,Wednesday,alvaropuente.dev,Server ist aktiv
14:32:31,Wednesday,alvaropuente.dev,Server ist aktiv
15:20:51,Wednesday,alvaropuente.dev,Server ist aktiv
16:17:26,Wednesday,alvaropuente.dev,Server ist aktiv
17:18:32,Wednesday,alvaropuente.dev,Server ist aktiv
18:21:08,Wednesday,alvaropuente.dev,Server ist aktiv
19:15:04,Wednesday,alvaropuente.dev,Server ist aktiv
20:24:56,Wednesday,alvaropuente.dev,Server ist aktiv
21:13:41,Wednesday,alvaropuente.dev,Server ist aktiv
22:17:32,Wednesday,alvaropuente.dev,Server ist aktiv
23:16:38,Wednesday,alvaropuente.dev,Server ist aktiv
00:16:20,Thursday,alvaropuente.dev,Server ist aktiv
01:17:46,Thursday,alvaropuente.dev,Server ist aktiv
03:16:00,Thursday,alvaropuente.dev,Server ist aktiv
04:35:17,Thursday,alvaropuente.dev,Server ist aktiv
05:18:56,Thursday,alvaropuente.dev,Server ist aktiv
06:21:16,Thursday,alvaropuente.dev,Server ist aktiv
07:17:00,Thursday,alvaropuente.dev,Server ist aktiv
08:24:37,Thursday,alvaropuente.dev,Server ist aktiv
09:17:39,Thursday,alvaropuente.dev,Server ist aktiv
10:21:59,Thursday,alvaropuente.dev,Server ist aktiv
11:19:05,Thursday,alvaropuente.dev,Server ist aktiv
12:18:26,Thursday,alvaropuente.dev,Server ist aktiv
13:14:07,Thursday,alvaropuente.dev,Server ist aktiv
14:32:46,Thursday,alvaropuente.dev,Server ist aktiv
15:19:48,Thursday,alvaropuente.dev,Server ist aktiv
16:15:28,Thursday,alvaropuente.dev,Server ist aktiv
17:17:50,Thursday,alvaropuente.dev,Server ist aktiv
18:21:41,Thursday,alvaropuente.dev,Server ist aktiv
19:15:48,Thursday,alvaropuente.dev,Server ist aktiv
20:22:36,Thursday,alvaropuente.dev,Server ist aktiv
21:13:53,Thursday,alvaropuente.dev,Server ist aktiv
22:17:47,Thursday,alvaropuente.dev,Server ist aktiv
23:16:32,Thursday,alvaropuente.dev,Server ist aktiv
00:16:23,Friday,alvaropuente.dev,Server ist aktiv
01:18:11,Friday,alvaropuente.dev,Server ist aktiv
03:15:14,Friday,alvaropuente.dev,Server ist aktiv
04:35:08,Friday,alvaropuente.dev,Server ist aktiv
05:19:33,Friday,alvaropuente.dev,Server ist aktiv
06:20:36,Friday,alvaropuente.dev,Server ist aktiv
07:18:14,Friday,alvaropuente.dev,Server ist aktiv
08:24:33,Friday,alvaropuente.dev,Server ist aktiv
09:15:42,Friday,alvaropuente.dev,Server ist aktiv
10:20:36,Friday,alvaropuente.dev,Server ist aktiv
11:17:44,Friday,alvaropuente.dev,Server ist aktiv
12:18:34,Friday,alvaropuente.dev,Server ist aktiv
13:15:43,Friday,alvaropuente.dev,Server ist aktiv
14:31:53,Friday,alvaropuente.dev,Server ist aktiv
15:19:35,Friday,alvaropuente.dev,Server ist aktiv
16:15:22,Friday,alvaropuente.dev,Server ist aktiv
17:18:15,Friday,alvaropuente.dev,Server ist aktiv
18:21:23,Friday,alvaropuente.dev,Server ist aktiv
19:14:38,Friday,alvaropuente.dev,Server ist aktiv
20:21:57,Friday,alvaropuente.dev,Server ist aktiv
21:15:20,Friday,alvaropuente.dev,Server ist aktiv
22:19:34,Friday,alvaropuente.dev,Server ist aktiv
23:15:49,Friday,alvaropuente.dev,Server ist aktiv
00:16:30,Saturday,alvaropuente.dev,Server ist aktiv
01:16:18,Saturday,alvaropuente.dev,Server ist aktiv
03:14:42,Saturday,alvaropuente.dev,Server ist aktiv
04:32:50,Saturday,alvaropuente.dev,Server ist aktiv
05:19:43,Saturday,alvaropuente.dev,Server ist aktiv
06:20:19,Saturday,alvaropuente.dev,Server ist aktiv
07:16:12,Saturday,alvaropuente.dev,Server ist aktiv
08:21:31,Saturday,alvaropuente.dev,Server ist aktiv
09:16:25,Saturday,alvaropuente.dev,Server ist aktiv
10:19:15,Saturday,alvaropuente.dev,Server ist aktiv
11:16:55,Saturday,alvaropuente.dev,Server ist aktiv
12:16:52,Saturday,alvaropuente.dev,Server ist aktiv
13:14:48,Saturday,alvaropuente.dev,Server ist aktiv
14:32:20,Saturday,alvaropuente.dev,Server ist aktiv
15:17:15,Saturday,alvaropuente.dev,Server ist aktiv
16:14:30,Saturday,alvaropuente.dev,Server ist aktiv
17:16:32,Saturday,alvaropuente.dev,Server ist aktiv
18:20:16,Saturday,alvaropuente.dev,Server ist aktiv
19:14:20,Saturday,alvaropuente.dev,Server ist aktiv
20:22:30,Saturday,alvaropuente.dev,Server ist aktiv
21:13:13,Saturday,alvaropuente.dev,Server ist aktiv
22:16:43,Saturday,alvaropuente.dev,Server ist aktiv
23:14:39,Saturday,alvaropuente.dev,Server ist aktiv
00:14:53,Sunday,alvaropuente.dev,Server ist aktiv
01:17:47,Sunday,alvaropuente.dev,Server ist aktiv
03:21:31,Sunday,alvaropuente.dev,Server ist aktiv
04:37:11,Sunday,alvaropuente.dev,Server ist aktiv
05:18:52,Sunday,alvaropuente.dev,Server ist aktiv
06:18:55,Sunday,alvaropuente.dev,Server ist aktiv
07:17:52,Sunday,alvaropuente.dev,Server ist aktiv
08:22:33,Sunday,alvaropuente.dev,Server ist aktiv
09:15:26,Sunday,alvaropuente.dev,Server ist aktiv
10:19:01,Sunday,alvaropuente.dev,Server ist aktiv
11:18:13,Sunday,alvaropuente.dev,Server ist aktiv
12:16:25,Sunday,alvaropuente.dev,Server ist aktiv
13:12:52,Sunday,alvaropuente.dev,Server ist aktiv
14:30:15,Sunday,alvaropuente.dev,Server ist aktiv
15:17:44,Sunday,alvaropuente.dev,Server ist aktiv
16:14:15,Sunday,alvaropuente.dev,Server ist aktiv
17:16:38,Sunday,alvaropuente.dev,Server ist aktiv
18:21:02,Sunday,alvaropuente.dev,Server ist aktiv
19:14:23,Sunday,alvaropuente.dev,Server ist aktiv
20:22:51,Sunday,alvaropuente.dev,Server ist aktiv
21:12:47,Sunday,alvaropuente.dev,Server ist aktiv
22:17:27,Sunday,alvaropuente.dev,Server ist aktiv
23:16:40,Sunday,alvaropuente.dev,Server ist aktiv
00:15:47,Monday,alvaropuente.dev,Server ist aktiv
01:16:43,Monday,alvaropuente.dev,Server ist aktiv
03:18:01,Monday,alvaropuente.dev,Server ist aktiv
04:37:33,Monday,alvaropuente.dev,Server ist aktiv
05:19:36,Monday,alvaropuente.dev,Server ist aktiv
06:20:20,Monday,alvaropuente.dev,Server ist aktiv
07:18:01,Monday,alvaropuente.dev,Server ist aktiv
08:24:54,Monday,alvaropuente.dev,Server ist aktiv
09:16:44,Monday,alvaropuente.dev,Server ist aktiv
10:22:12,Monday,alvaropuente.dev,Server ist aktiv
11:19:22,Monday,alvaropuente.dev,Server ist aktiv
12:19:30,Monday,alvaropuente.dev,Server ist aktiv
13:14:02,Monday,alvaropuente.dev,Server ist aktiv
14:33:45,Monday,alvaropuente.dev,Server ist aktiv
15:20:31,Monday,alvaropuente.dev,Server ist aktiv
16:16:18,Monday,alvaropuente.dev,Server ist aktiv
17:18:33,Monday,alvaropuente.dev,Server ist aktiv
18:22:13,Monday,alvaropuente.dev,Server ist aktiv
19:15:29,Monday,alvaropuente.dev,Server ist aktiv
20:22:53,Monday,alvaropuente.dev,Server ist aktiv
21:13:39,Monday,alvaropuente.dev,Server ist aktiv
22:17:58,Monday,alvaropuente.dev,Server ist aktiv
23:18:12,Monday,alvaropuente.dev,Server ist aktiv
00:19:39,Tuesday,alvaropuente.dev,Server ist aktiv
01:16:35,Tuesday,alvaropuente.dev,Server ist aktiv
03:16:16,Tuesday,alvaropuente.dev,Server ist aktiv
04:35:06,Tuesday,alvaropuente.dev,Server ist aktiv
05:21:53,Tuesday,alvaropuente.dev,Server ist aktiv
06:20:04,Tuesday,alvaropuente.dev,Server ist aktiv
07:17:57,Tuesday,alvaropuente.dev,Server ist aktiv
08:24:14,Tuesday,alvaropuente.dev,Server ist aktiv
09:15:58,Tuesday,alvaropuente.dev,Server ist aktiv
10:21:10,Tuesday,alvaropuente.dev,Server ist aktiv
11:18:07,Tuesday,alvaropuente.dev,Server ist aktiv
12:18:34,Tuesday,alvaropuente.dev,Server ist aktiv
13:15:20,Tuesday,alvaropuente.dev,Server ist aktiv
14:33:11,Tuesday,alvaropuente.dev,Server ist aktiv
15:19:26,Tuesday,alvaropuente.dev,Server ist aktiv
16:15:47,Tuesday,alvaropuente.dev,Server ist aktiv
17:18:19,Tuesday,alvaropuente.dev,Server ist aktiv
18:22:34,Tuesday,alvaropuente.dev,Server ist aktiv
19:14:50,Tuesday,alvaropuente.dev,Server ist aktiv
20:22:38,Tuesday,alvaropuente.dev,Server ist aktiv
21:14:20,Tuesday,alvaropuente.dev,Server ist aktiv
22:16:17,Tuesday,alvaropuente.dev,Server ist aktiv
23:16:39,Tuesday,alvaropuente.dev,Server ist aktiv
00:14:06,Wednesday,alvaropuente.dev,Server ist aktiv
01:14:30,Wednesday,alvaropuente.dev,Server ist aktiv
03:03:39,Wednesday,alvaropuente.dev,Server ist aktiv
04:16:18,Wednesday,alvaropuente.dev,Server ist aktiv
05:18:13,Wednesday,alvaropuente.dev,Server ist aktiv
06:16:35,Wednesday,alvaropuente.dev,Server ist aktiv
07:16:17,Wednesday,alvaropuente.dev,Server ist aktiv
08:19:51,Wednesday,alvaropuente.dev,Server ist aktiv
09:14:04,Wednesday,alvaropuente.dev,Server ist aktiv
10:19:45,Wednesday,alvaropuente.dev,Server ist aktiv
11:18:40,Wednesday,alvaropuente.dev,Server ist aktiv
12:14:02,Wednesday,alvaropuente.dev,Server ist aktiv
13:13:52,Wednesday,alvaropuente.dev,Server ist aktiv
14:33:57,Wednesday,alvaropuente.dev,Server ist aktiv
15:19:26,Wednesday,alvaropuente.dev,Server ist aktiv
16:15:00,Wednesday,alvaropuente.dev,Server ist aktiv
17:17:57,Wednesday,alvaropuente.dev,Server ist aktiv
18:21:17,Wednesday,alvaropuente.dev,Server ist aktiv
19:17:17,Wednesday,alvaropuente.dev,Server ist aktiv
20:21:48,Wednesday,alvaropuente.dev,Server ist aktiv
21:14:15,Wednesday,alvaropuente.dev,Server ist aktiv
22:17:47,Wednesday,alvaropuente.dev,Server ist aktiv
23:17:08,Wednesday,alvaropuente.dev,Server ist aktiv
00:15:55,Thursday,alvaropuente.dev,Server ist aktiv
01:16:42,Thursday,alvaropuente.dev,Server ist aktiv
03:22:45,Thursday,alvaropuente.dev,Server ist aktiv
04:39:43,Thursday,alvaropuente.dev,Server ist aktiv
05:19:32,Thursday,alvaropuente.dev,Server ist aktiv
06:20:26,Thursday,alvaropuente.dev,Server ist aktiv
07:16:47,Thursday,alvaropuente.dev,Server ist aktiv
08:24:27,Thursday,alvaropuente.dev,Server ist aktiv
09:15:54,Thursday,alvaropuente.dev,Server ist aktiv
10:21:41,Thursday,alvaropuente.dev,Server ist aktiv
11:17:34,Thursday,alvaropuente.dev,Server ist aktiv
12:19:02,Thursday,alvaropuente.dev,Server ist aktiv
13:15:44,Thursday,alvaropuente.dev,Server ist aktiv
14:33:35,Thursday,alvaropuente.dev,Server ist aktiv
15:19:43,Thursday,alvaropuente.dev,Server ist aktiv
16:18:55,Thursday,alvaropuente.dev,Server ist aktiv
17:18:12,Thursday,alvaropuente.dev,Server ist aktiv
18:21:55,Thursday,alvaropuente.dev,Server ist aktiv
19:16:54,Thursday,alvaropuente.dev,Server ist aktiv
20:22:45,Thursday,alvaropuente.dev,Server ist aktiv
21:13:15,Thursday,alvaropuente.dev,Server ist aktiv
22:18:39,Thursday,alvaropuente.dev,Server ist aktiv
23:18:25,Thursday,alvaropuente.dev,Server ist aktiv
00:15:51,Friday,alvaropuente.dev,Server ist aktiv
01:17:20,Friday,alvaropuente.dev,Server ist aktiv
03:16:01,Friday,alvaropuente.dev,Server ist aktiv
04:35:18,Friday,alvaropuente.dev,Server ist aktiv
05:20:12,Friday,alvaropuente.dev,Server ist aktiv
06:21:38,Friday,alvaropuente.dev,Server ist aktiv
07:17:38,Friday,alvaropuente.dev,Server ist aktiv
08:25:55,Friday,alvaropuente.dev,Server ist aktiv
09:17:00,Friday,alvaropuente.dev,Server ist aktiv
10:21:11,Friday,alvaropuente.dev,Server ist aktiv
11:18:45,Friday,alvaropuente.dev,Server ist aktiv
12:18:09,Friday,alvaropuente.dev,Server ist aktiv
13:14:16,Friday,alvaropuente.dev,Server ist aktiv
14:33:05,Friday,alvaropuente.dev,Server ist aktiv
15:19:11,Friday,alvaropuente.dev,Server ist aktiv
16:15:37,Friday,alvaropuente.dev,Server ist aktiv
17:18:24,Friday,alvaropuente.dev,Server ist aktiv
18:21:33,Friday,alvaropuente.dev,Server ist aktiv
19:15:27,Friday,alvaropuente.dev,Server ist aktiv
20:23:06,Friday,alvaropuente.dev,Server ist aktiv
21:13:39,Friday,alvaropuente.dev,Server ist aktiv
22:18:38,Friday,alvaropuente.dev,Server ist aktiv
23:16:57,Friday,alvaropuente.dev,Server ist aktiv
00:16:50,Saturday,alvaropuente.dev,Server ist aktiv
01:16:21,Saturday,alvaropuente.dev,Server ist aktiv
03:15:13,Saturday,alvaropuente.dev,Server ist aktiv
04:33:36,Saturday,alvaropuente.dev,Server ist aktiv
05:18:03,Saturday,alvaropuente.dev,Server ist aktiv
06:19:47,Saturday,alvaropuente.dev,Server ist aktiv
07:15:25,Saturday,alvaropuente.dev,Server ist aktiv
08:23:41,Saturday,alvaropuente.dev,Server ist aktiv
09:14:13,Saturday,alvaropuente.dev,Server ist aktiv
10:21:03,Saturday,alvaropuente.dev,Server ist aktiv
11:18:20,Saturday,alvaropuente.dev,Server ist aktiv
12:16:48,Saturday,alvaropuente.dev,Server ist aktiv
13:13:57,Saturday,alvaropuente.dev,Server ist aktiv
14:30:19,Saturday,alvaropuente.dev,Server ist aktiv
15:17:19,Saturday,alvaropuente.dev,Server ist aktiv
16:16:30,Saturday,alvaropuente.dev,Server ist aktiv
17:17:51,Saturday,alvaropuente.dev,Server ist aktiv
18:21:54,Saturday,alvaropuente.dev,Server ist aktiv
19:14:25,Saturday,alvaropuente.dev,Server ist aktiv
20:22:35,Saturday,alvaropuente.dev,Server ist aktiv
21:13:13,Saturday,alvaropuente.dev,Server ist aktiv
22:16:36,Saturday,alvaropuente.dev,Server ist aktiv
23:15:41,Saturday,alvaropuente.dev,Server ist aktiv
00:15:00,Sunday,alvaropuente.dev,Server ist aktiv
01:18:14,Sunday,alvaropuente.dev,Server ist aktiv
03:21:57,Sunday,alvaropuente.dev,Server ist aktiv
04:37:34,Sunday,alvaropuente.dev,Server ist aktiv
05:18:51,Sunday,alvaropuente.dev,Server ist aktiv
06:22:03,Sunday,alvaropuente.dev,Server ist aktiv
07:15:26,Sunday,alvaropuente.dev,Server ist aktiv
08:22:36,Sunday,alvaropuente.dev,Server ist aktiv
09:15:21,Sunday,alvaropuente.dev,Server ist aktiv
10:19:06,Sunday,alvaropuente.dev,Server ist aktiv
11:18:10,Sunday,alvaropuente.dev,Server ist aktiv
12:16:36,Sunday,alvaropuente.dev,Server ist aktiv
13:14:14,Sunday,alvaropuente.dev,Server ist aktiv
14:30:31,Sunday,alvaropuente.dev,Server ist aktiv
15:18:18,Sunday,alvaropuente.dev,Server ist aktiv
16:16:17,Sunday,alvaropuente.dev,Server ist aktiv
17:17:16,Sunday,alvaropuente.dev,Server ist aktiv
18:19:01,Sunday,alvaropuente.dev,Server ist aktiv
19:14:04,Sunday,alvaropuente.dev,Server ist aktiv
20:21:18,Sunday,alvaropuente.dev,Server ist aktiv
21:13:39,Sunday,alvaropuente.dev,Server ist aktiv
22:18:10,Sunday,alvaropuente.dev,Server ist aktiv
23:16:26,Sunday,alvaropuente.dev,Server ist aktiv
00:16:11,Monday,alvaropuente.dev,Server ist aktiv
01:18:24,Monday,alvaropuente.dev,Server ist aktiv
03:18:19,Monday,alvaropuente.dev,Server ist aktiv
04:37:05,Monday,alvaropuente.dev,Server ist aktiv
05:19:24,Monday,alvaropuente.dev,Server ist aktiv
06:20:43,Monday,alvaropuente.dev,Server ist aktiv
07:18:24,Monday,alvaropuente.dev,Server ist aktiv
08:25:25,Monday,alvaropuente.dev,Server ist aktiv
09:16:36,Monday,alvaropuente.dev,Server ist aktiv
10:22:08,Monday,alvaropuente.dev,Server ist aktiv
11:18:12,Monday,alvaropuente.dev,Server ist aktiv
12:18:05,Monday,alvaropuente.dev,Server ist aktiv
13:15:11,Monday,alvaropuente.dev,Server ist aktiv
14:34:16,Monday,alvaropuente.dev,Server ist aktiv
15:20:23,Monday,alvaropuente.dev,Server ist aktiv
16:14:55,Monday,alvaropuente.dev,Server ist aktiv
17:18:12,Monday,alvaropuente.dev,Server ist aktiv
18:21:02,Monday,alvaropuente.dev,ANTWORTET NICHT
19:17:03,Monday,alvaropuente.dev,ANTWORTET NICHT
20:24:03,Monday,alvaropuente.dev,ANTWORTET NICHT
21:16:23,Monday,alvaropuente.dev,Server ist aktiv
22:17:57,Monday,alvaropuente.dev,Server ist aktiv
23:18:30,Monday,alvaropuente.dev,Server ist aktiv
00:16:04,Tuesday,alvaropuente.dev,Server ist aktiv
01:18:29,Tuesday,alvaropuente.dev,Server ist aktiv
03:16:42,Tuesday,alvaropuente.dev,Server ist aktiv
04:36:00,Tuesday,alvaropuente.dev,Server ist aktiv
05:19:24,Tuesday,alvaropuente.dev,Server ist aktiv
06:21:33,Tuesday,alvaropuente.dev,Server ist aktiv
07:17:10,Tuesday,alvaropuente.dev,Server ist aktiv
08:26:02,Tuesday,alvaropuente.dev,Server ist aktiv
09:16:53,Tuesday,alvaropuente.dev,Server ist aktiv
10:21:01,Tuesday,alvaropuente.dev,Server ist aktiv
11:18:24,Tuesday,alvaropuente.dev,Server ist aktiv
12:19:05,Tuesday,alvaropuente.dev,Server ist aktiv
13:14:46,Tuesday,alvaropuente.dev,Server ist aktiv
14:33:31,Tuesday,alvaropuente.dev,Server ist aktiv
15:20:19,Tuesday,alvaropuente.dev,Server ist aktiv
16:16:03,Tuesday,alvaropuente.dev,Server ist aktiv
17:19:13,Tuesday,alvaropuente.dev,Server ist aktiv
18:21:18,Tuesday,alvaropuente.dev,Server ist aktiv
19:17:00,Tuesday,alvaropuente.dev,Server ist aktiv
20:24:21,Tuesday,alvaropuente.dev,Server ist aktiv
21:13:20,Tuesday,alvaropuente.dev,Server ist aktiv
22:15:50,Tuesday,alvaropuente.dev,Server ist aktiv
23:16:13,Tuesday,alvaropuente.dev,Server ist aktiv
00:16:57,Wednesday,alvaropuente.dev,Server ist aktiv
01:17:22,Wednesday,alvaropuente.dev,ANTWORTET NICHT
03:17:30,Wednesday,alvaropuente.dev,Server ist aktiv
04:37:08,Wednesday,alvaropuente.dev,Server ist aktiv
05:19:23,Wednesday,alvaropuente.dev,Server ist aktiv
06:21:29,Wednesday,alvaropuente.dev,Server ist aktiv
07:16:41,Wednesday,alvaropuente.dev,Server ist aktiv
08:24:40,Wednesday,alvaropuente.dev,Server ist aktiv
09:16:07,Wednesday,alvaropuente.dev,Server ist aktiv
10:21:56,Wednesday,alvaropuente.dev,Server ist aktiv
11:18:58,Wednesday,alvaropuente.dev,Server ist aktiv
12:18:03,Wednesday,alvaropuente.dev,Server ist aktiv
13:14:09,Wednesday,alvaropuente.dev,Server ist aktiv
14:34:11,Wednesday,alvaropuente.dev,Server ist aktiv
15:21:01,Wednesday,alvaropuente.dev,Server ist aktiv
16:15:49,Wednesday,alvaropuente.dev,ANTWORTET NICHT
03:02:20,Monday,alvaropuente.dev,Server ist aktiv
04:34:40,Monday,alvaropuente.dev,Server ist aktiv
05:16:58,Monday,alvaropuente.dev,Server ist aktiv
06:16:42,Monday,alvaropuente.dev,Server ist aktiv
07:13:12,Monday,alvaropuente.dev,Server ist aktiv
08:19:32,Monday,alvaropuente.dev,Server ist aktiv
09:13:06,Monday,alvaropuente.dev,Server ist aktiv
10:18:37,Monday,alvaropuente.dev,Server ist aktiv
11:14:31,Monday,alvaropuente.dev,Server ist aktiv
12:14:59,Monday,alvaropuente.dev,Server ist aktiv
13:11:56,Monday,alvaropuente.dev,Server ist aktiv
14:26:29,Monday,alvaropuente.dev,Server ist aktiv
15:19:45,Monday,alvaropuente.dev,Server ist aktiv
16:13:05,Monday,alvaropuente.dev,Server ist aktiv
17:13:41,Monday,alvaropuente.dev,Server ist aktiv
18:18:10,Monday,alvaropuente.dev,Server ist aktiv
19:12:20,Monday,alvaropuente.dev,Server ist aktiv
20:18:02,Monday,alvaropuente.dev,Server ist aktiv
21:11:34,Monday,alvaropuente.dev,Server ist aktiv
22:15:08,Monday,alvaropuente.dev,Server ist aktiv
23:12:32,Monday,alvaropuente.dev,Server ist aktiv
00:13:19,Tuesday,alvaropuente.dev,Server ist aktiv
01:14:02,Tuesday,alvaropuente.dev,Server ist aktiv
03:02:42,Tuesday,alvaropuente.dev,Server ist aktiv
04:35:12,Tuesday,alvaropuente.dev,Server ist aktiv
05:14:37,Tuesday,alvaropuente.dev,Server ist aktiv
06:18:32,Tuesday,alvaropuente.dev,Server ist aktiv
07:13:15,Tuesday,alvaropuente.dev,Server ist aktiv
08:19:15,Tuesday,alvaropuente.dev,Server ist aktiv
09:13:01,Tuesday,alvaropuente.dev,Server ist aktiv
10:18:06,Tuesday,alvaropuente.dev,Server ist aktiv
11:14:24,Tuesday,alvaropuente.dev,Server ist aktiv
12:13:51,Tuesday,alvaropuente.dev,Server ist aktiv
13:12:14,Tuesday,alvaropuente.dev,Server ist aktiv
14:25:56,Tuesday,alvaropuente.dev,Server ist aktiv
15:17:53,Tuesday,alvaropuente.dev,Server ist aktiv
16:12:32,Tuesday,alvaropuente.dev,Server ist aktiv
17:14:39,Tuesday,alvaropuente.dev,Server ist aktiv
18:16:20,Tuesday,alvaropuente.dev,Server ist aktiv
19:11:56,Tuesday,alvaropuente.dev,Server ist aktiv
20:18:02,Tuesday,alvaropuente.dev,Server ist aktiv
21:10:57,Tuesday,alvaropuente.dev,Server ist aktiv
22:15:07,Tuesday,alvaropuente.dev,Server ist aktiv
23:12:17,Tuesday,alvaropuente.dev,Server ist aktiv
00:13:55,Wednesday,alvaropuente.dev,Server ist aktiv
01:13:48,Wednesday,alvaropuente.dev,Server ist aktiv
03:03:13,Wednesday,alvaropuente.dev,Server ist aktiv
04:36:10,Wednesday,alvaropuente.dev,Server ist aktiv
05:15:13,Wednesday,alvaropuente.dev,Server ist aktiv
06:16:57,Wednesday,alvaropuente.dev,Server ist aktiv
07:13:46,Wednesday,alvaropuente.dev,Server ist aktiv
08:19:03,Wednesday,alvaropuente.dev,Server ist aktiv
09:12:35,Wednesday,alvaropuente.dev,Server ist aktiv
10:17:36,Wednesday,alvaropuente.dev,Server ist aktiv
11:14:46,Wednesday,alvaropuente.dev,Server ist aktiv
12:14:02,Wednesday,alvaropuente.dev,Server ist aktiv
13:11:34,Wednesday,alvaropuente.dev,Server ist aktiv
14:27:12,Wednesday,alvaropuente.dev,Server ist aktiv
15:18:29,Wednesday,alvaropuente.dev,Server ist aktiv
16:12:35,Wednesday,alvaropuente.dev,Server ist aktiv
17:14:05,Wednesday,alvaropuente.dev,Server ist aktiv
18:17:26,Wednesday,alvaropuente.dev,Server ist aktiv
19:11:39,Wednesday,alvaropuente.dev,Server ist aktiv
20:17:53,Wednesday,alvaropuente.dev,Server ist aktiv
21:12:17,Wednesday,alvaropuente.dev,Server ist aktiv
22:14:40,Wednesday,alvaropuente.dev,Server ist aktiv
23:14:02,Wednesday,alvaropuente.dev,Server ist aktiv
00:12:30,Thursday,alvaropuente.dev,Server ist aktiv
01:14:10,Thursday,alvaropuente.dev,Server ist aktiv
03:03:54,Thursday,alvaropuente.dev,Server ist aktiv
04:37:44,Thursday,alvaropuente.dev,Server ist aktiv
05:15:04,Thursday,alvaropuente.dev,Server ist aktiv
06:16:24,Thursday,alvaropuente.dev,Server ist aktiv
07:13:20,Thursday,alvaropuente.dev,Server ist aktiv
08:19:25,Thursday,alvaropuente.dev,Server ist aktiv
09:13:34,Thursday,alvaropuente.dev,Server ist aktiv
10:17:54,Thursday,alvaropuente.dev,Server ist aktiv
11:15:38,Thursday,alvaropuente.dev,Server ist aktiv
12:15:00,Thursday,alvaropuente.dev,Server ist aktiv
13:12:35,Thursday,alvaropuente.dev,Server ist aktiv
14:26:44,Thursday,alvaropuente.dev,Server ist aktiv
15:19:06,Thursday,alvaropuente.dev,Server ist aktiv
16:14:06,Thursday,alvaropuente.dev,Server ist aktiv
17:15:07,Thursday,alvaropuente.dev,Server ist aktiv
18:16:47,Thursday,alvaropuente.dev,Server ist aktiv
19:11:55,Thursday,alvaropuente.dev,Server ist aktiv
20:18:02,Thursday,alvaropuente.dev,Server ist aktiv
21:11:52,Thursday,alvaropuente.dev,Server ist aktiv
22:14:17,Thursday,alvaropuente.dev,Server ist aktiv
23:13:24,Thursday,alvaropuente.dev,Server ist aktiv
00:12:58,Friday,alvaropuente.dev,Server ist aktiv
01:13:58,Friday,alvaropuente.dev,Server ist aktiv
03:04:07,Friday,alvaropuente.dev,Server ist aktiv
04:38:40,Friday,alvaropuente.dev,Server ist aktiv
05:14:51,Friday,alvaropuente.dev,Server ist aktiv
06:16:58,Friday,alvaropuente.dev,Server ist aktiv
07:13:41,Friday,alvaropuente.dev,Server ist aktiv
08:19:32,Friday,alvaropuente.dev,Server ist aktiv
09:13:03,Friday,alvaropuente.dev,Server ist aktiv
10:18:09,Friday,alvaropuente.dev,Server ist aktiv
11:15:11,Friday,alvaropuente.dev,Server ist aktiv
12:14:32,Friday,alvaropuente.dev,Server ist aktiv
13:13:12,Friday,alvaropuente.dev,Server ist aktiv
14:26:15,Friday,alvaropuente.dev,Server ist aktiv
15:18:41,Friday,alvaropuente.dev,Server ist aktiv
16:13:11,Friday,alvaropuente.dev,Server ist aktiv
17:14:18,Friday,alvaropuente.dev,Server ist aktiv
18:16:07,Friday,alvaropuente.dev,Server ist aktiv
19:13:07,Friday,alvaropuente.dev,Server ist aktiv
20:18:15,Friday,alvaropuente.dev,Server ist aktiv
21:10:50,Friday,alvaropuente.dev,Server ist aktiv
22:15:31,Friday,alvaropuente.dev,Server ist aktiv
23:13:44,Friday,alvaropuente.dev,Server ist aktiv
00:12:47,Saturday,alvaropuente.dev,Server ist aktiv
01:14:42,Saturday,alvaropuente.dev,Server ist aktiv
03:03:37,Saturday,alvaropuente.dev,Server ist aktiv
04:37:32,Saturday,alvaropuente.dev,Server ist aktiv
05:14:05,Saturday,alvaropuente.dev,Server ist aktiv
06:17:25,Saturday,alvaropuente.dev,Server ist aktiv
07:12:37,Saturday,alvaropuente.dev,Server ist aktiv
08:17:51,Saturday,alvaropuente.dev,Server ist aktiv
09:11:44,Saturday,alvaropuente.dev,Server ist aktiv
10:17:30,Saturday,alvaropuente.dev,Server ist aktiv
11:13:37,Saturday,alvaropuente.dev,Server ist aktiv
12:13:02,Saturday,alvaropuente.dev,Server ist aktiv
13:10:49,Saturday,alvaropuente.dev,Server ist aktiv
14:24:37,Saturday,alvaropuente.dev,Server ist aktiv
15:15:33,Saturday,alvaropuente.dev,Server ist aktiv
16:11:18,Saturday,alvaropuente.dev,Server ist aktiv
17:13:31,Saturday,alvaropuente.dev,Server ist aktiv
18:16:38,Saturday,alvaropuente.dev,Server ist aktiv
19:11:24,Saturday,alvaropuente.dev,Server ist aktiv
20:16:28,Saturday,alvaropuente.dev,Server ist aktiv
21:10:13,Saturday,alvaropuente.dev,Server ist aktiv
22:15:24,Saturday,alvaropuente.dev,Server ist aktiv
23:12:01,Saturday,alvaropuente.dev,Server ist aktiv
00:13:44,Sunday,alvaropuente.dev,Server ist aktiv
01:12:43,Sunday,alvaropuente.dev,Server ist aktiv
03:14:15,Sunday,alvaropuente.dev,Server ist aktiv
04:50:23,Sunday,alvaropuente.dev,Server ist aktiv
05:20:16,Sunday,alvaropuente.dev,Server ist aktiv
06:17:18,Sunday,alvaropuente.dev,Server ist aktiv
07:14:43,Sunday,alvaropuente.dev,Server ist aktiv
08:19:41,Sunday,alvaropuente.dev,Server ist aktiv
09:11:59,Sunday,alvaropuente.dev,Server ist aktiv
10:16:27,Sunday,alvaropuente.dev,Server ist aktiv
11:14:00,Sunday,alvaropuente.dev,Server ist aktiv
12:13:14,Sunday,alvaropuente.dev,Server ist aktiv
13:11:49,Sunday,alvaropuente.dev,Server ist aktiv
14:24:43,Sunday,alvaropuente.dev,Server ist aktiv
15:17:18,Sunday,alvaropuente.dev,Server ist aktiv
16:11:25,Sunday,alvaropuente.dev,Server ist aktiv
17:12:51,Sunday,alvaropuente.dev,Server ist aktiv
18:16:39,Sunday,alvaropuente.dev,Server ist aktiv
19:11:23,Sunday,alvaropuente.dev,Server ist aktiv
20:16:59,Sunday,alvaropuente.dev,Server ist aktiv
21:10:45,Sunday,alvaropuente.dev,Server ist aktiv
22:14:53,Sunday,alvaropuente.dev,Server ist aktiv
23:12:11,Sunday,alvaropuente.dev,Server ist aktiv
00:13:19,Monday,alvaropuente.dev,Server ist aktiv
01:12:39,Monday,alvaropuente.dev,Server ist aktiv
03:05:22,Monday,alvaropuente.dev,Server ist aktiv
04:41:07,Monday,alvaropuente.dev,Server ist aktiv
05:15:33,Monday,alvaropuente.dev,Server ist aktiv
06:17:13,Monday,alvaropuente.dev,Server ist aktiv
07:13:50,Monday,alvaropuente.dev,Server ist aktiv
08:20:17,Monday,alvaropuente.dev,Server ist aktiv
09:13:18,Monday,alvaropuente.dev,Server ist aktiv
10:18:35,Monday,alvaropuente.dev,Server ist aktiv
11:15:49,Monday,alvaropuente.dev,Server ist aktiv
12:14:30,Monday,alvaropuente.dev,Server ist aktiv
13:11:35,Monday,alvaropuente.dev,Server ist aktiv
14:28:13,Monday,alvaropuente.dev,Server ist aktiv
15:19:26,Monday,alvaropuente.dev,Server ist aktiv
16:12:31,Monday,alvaropuente.dev,Server ist aktiv
17:14:19,Monday,alvaropuente.dev,Server ist aktiv
18:18:10,Monday,alvaropuente.dev,Server ist aktiv
19:11:43,Monday,alvaropuente.dev,Server ist aktiv
20:18:13,Monday,alvaropuente.dev,Server ist aktiv
21:11:29,Monday,alvaropuente.dev,Server ist aktiv
22:15:33,Monday,alvaropuente.dev,Server ist aktiv
23:12:45,Monday,alvaropuente.dev,Server ist aktiv
00:13:13,Tuesday,alvaropuente.dev,Server ist aktiv
01:13:47,Tuesday,alvaropuente.dev,Server ist aktiv
03:03:31,Tuesday,alvaropuente.dev,Server ist aktiv
04:37:17,Tuesday,alvaropuente.dev,Server ist aktiv
05:15:40,Tuesday,alvaropuente.dev,Server ist aktiv
06:16:35,Tuesday,alvaropuente.dev,Server ist aktiv
07:13:45,Tuesday,alvaropuente.dev,Server ist aktiv
08:19:25,Tuesday,alvaropuente.dev,Server ist aktiv
09:13:12,Tuesday,alvaropuente.dev,Server ist aktiv
10:17:57,Tuesday,alvaropuente.dev,Server ist aktiv
11:14:59,Tuesday,alvaropuente.dev,Server ist aktiv
12:14:25,Tuesday,alvaropuente.dev,Server ist aktiv
13:11:49,Tuesday,alvaropuente.dev,Server ist aktiv
14:27:14,Tuesday,alvaropuente.dev,Server ist aktiv
15:19:49,Tuesday,alvaropuente.dev,Server ist aktiv
16:13:25,Tuesday,alvaropuente.dev,Server ist aktiv
17:14:44,Tuesday,alvaropuente.dev,Server ist aktiv
18:17:55,Tuesday,alvaropuente.dev,Server ist aktiv
19:13:20,Tuesday,alvaropuente.dev,Server ist aktiv
20:18:27,Tuesday,alvaropuente.dev,Server ist aktiv
21:11:44,Tuesday,alvaropuente.dev,Server ist aktiv
22:14:25,Tuesday,alvaropuente.dev,Server ist aktiv
23:12:53,Tuesday,alvaropuente.dev,Server ist aktiv
00:13:54,Wednesday,alvaropuente.dev,Server ist aktiv
01:14:33,Wednesday,alvaropuente.dev,Server ist aktiv
03:04:28,Wednesday,alvaropuente.dev,Server ist aktiv
04:38:38,Wednesday,alvaropuente.dev,Server ist aktiv
05:14:38,Wednesday,alvaropuente.dev,Server ist aktiv
06:16:59,Wednesday,alvaropuente.dev,Server ist aktiv
07:14:39,Wednesday,alvaropuente.dev,Server ist aktiv
08:19:40,Wednesday,alvaropuente.dev,Server ist aktiv
09:13:15,Wednesday,alvaropuente.dev,Server ist aktiv
10:16:46,Wednesday,alvaropuente.dev,Server ist aktiv
11:15:08,Wednesday,alvaropuente.dev,Server ist aktiv
12:14:36,Wednesday,alvaropuente.dev,Server ist aktiv
13:11:27,Wednesday,alvaropuente.dev,Server ist aktiv
14:27:44,Wednesday,alvaropuente.dev,Server ist aktiv
15:20:29,Wednesday,alvaropuente.dev,Server ist aktiv
16:12:52,Wednesday,alvaropuente.dev,Server ist aktiv
17:14:39,Wednesday,alvaropuente.dev,Server ist aktiv
18:17:16,Wednesday,alvaropuente.dev,Server ist aktiv
19:12:48,Wednesday,alvaropuente.dev,Server ist aktiv
20:16:39,Wednesday,alvaropuente.dev,Server ist aktiv
21:11:09,Wednesday,alvaropuente.dev,Server ist aktiv
22:15:15,Wednesday,alvaropuente.dev,Server ist aktiv
23:12:50,Wednesday,alvaropuente.dev,Server ist aktiv
00:12:21,Thursday,alvaropuente.dev,Server ist aktiv
01:13:57,Thursday,alvaropuente.dev,Server ist aktiv
03:04:21,Thursday,alvaropuente.dev,Server ist aktiv
04:39:22,Thursday,alvaropuente.dev,Server ist aktiv
05:14:51,Thursday,alvaropuente.dev,Server ist aktiv
06:16:45,Thursday,alvaropuente.dev,Server ist aktiv
07:13:34,Thursday,alvaropuente.dev,Server ist aktiv
08:19:24,Thursday,alvaropuente.dev,Server ist aktiv
09:12:55,Thursday,alvaropuente.dev,Server ist aktiv
10:18:01,Thursday,alvaropuente.dev,Server ist aktiv
11:13:53,Thursday,alvaropuente.dev,Server ist aktiv
12:15:06,Thursday,alvaropuente.dev,Server ist aktiv
13:12:28,Thursday,alvaropuente.dev,Server ist aktiv
14:27:20,Thursday,alvaropuente.dev,Server ist aktiv
15:19:48,Thursday,alvaropuente.dev,Server ist aktiv
16:13:03,Thursday,alvaropuente.dev,Server ist aktiv
17:14:17,Thursday,alvaropuente.dev,Server ist aktiv
18:17:33,Thursday,alvaropuente.dev,Server ist aktiv
19:12:20,Thursday,alvaropuente.dev,Server ist aktiv
20:17:38,Thursday,alvaropuente.dev,Server ist aktiv
21:11:22,Thursday,alvaropuente.dev,Server ist aktiv
22:15:02,Thursday,alvaropuente.dev,Server ist aktiv
23:13:12,Thursday,alvaropuente.dev,Server ist aktiv
00:13:03,Friday,alvaropuente.dev,Server ist aktiv
01:14:37,Friday,alvaropuente.dev,Server ist aktiv
03:04:16,Friday,alvaropuente.dev,Server ist aktiv
04:39:09,Friday,alvaropuente.dev,Server ist aktiv
05:15:34,Friday,alvaropuente.dev,Server ist aktiv
06:16:19,Friday,alvaropuente.dev,Server ist aktiv
07:14:32,Friday,alvaropuente.dev,Server ist aktiv
08:19:29,Friday,alvaropuente.dev,Server ist aktiv
09:12:47,Friday,alvaropuente.dev,Server ist aktiv
10:17:56,Friday,alvaropuente.dev,Server ist aktiv
11:14:37,Friday,alvaropuente.dev,Server ist aktiv
12:14:57,Friday,alvaropuente.dev,Server ist aktiv
13:12:26,Friday,alvaropuente.dev,Server ist aktiv
14:26:36,Friday,alvaropuente.dev,Server ist aktiv
15:18:42,Friday,alvaropuente.dev,Server ist aktiv
16:12:57,Friday,alvaropuente.dev,Server ist aktiv
17:15:01,Friday,alvaropuente.dev,Server ist aktiv
18:18:09,Friday,alvaropuente.dev,Server ist aktiv
19:12:09,Friday,alvaropuente.dev,Server ist aktiv
20:18:58,Friday,alvaropuente.dev,Server ist aktiv
21:12:07,Friday,alvaropuente.dev,Server ist aktiv
22:14:33,Friday,alvaropuente.dev,Server ist aktiv
23:12:32,Friday,alvaropuente.dev,Server ist aktiv
00:12:37,Saturday,alvaropuente.dev,Server ist aktiv
01:15:02,Saturday,alvaropuente.dev,Server ist aktiv
03:03:13,Saturday,alvaropuente.dev,Server ist aktiv
04:37:21,Saturday,alvaropuente.dev,Server ist aktiv
05:14:52,Saturday,alvaropuente.dev,Server ist aktiv
06:16:41,Saturday,alvaropuente.dev,Server ist aktiv
07:12:53,Saturday,alvaropuente.dev,Server ist aktiv
08:18:28,Saturday,alvaropuente.dev,Server ist aktiv
09:13:40,Saturday,alvaropuente.dev,Server ist aktiv
10:16:00,Saturday,alvaropuente.dev,Server ist aktiv
11:12:56,Saturday,alvaropuente.dev,Server ist aktiv
12:13:16,Saturday,alvaropuente.dev,Server ist aktiv
13:10:42,Saturday,alvaropuente.dev,Server ist aktiv
14:24:02,Saturday,alvaropuente.dev,Server ist aktiv
15:16:04,Saturday,alvaropuente.dev,Server ist aktiv
16:11:41,Saturday,alvaropuente.dev,Server ist aktiv
17:13:24,Saturday,alvaropuente.dev,Server ist aktiv
18:15:35,Saturday,alvaropuente.dev,Server ist aktiv
19:12:10,Saturday,alvaropuente.dev,Server ist aktiv
20:16:56,Saturday,alvaropuente.dev,Server ist aktiv
21:10:55,Saturday,alvaropuente.dev,Server ist aktiv
22:13:30,Saturday,alvaropuente.dev,Server ist aktiv
23:14:28,Saturday,alvaropuente.dev,Server ist aktiv
00:12:10,Sunday,alvaropuente.dev,Server ist aktiv
01:12:33,Sunday,alvaropuente.dev,Server ist aktiv
03:09:44,Sunday,alvaropuente.dev,Server ist aktiv
04:43:14,Sunday,alvaropuente.dev,Server ist aktiv
05:16:05,Sunday,alvaropuente.dev,Server ist aktiv
06:16:05,Sunday,alvaropuente.dev,Server ist aktiv
07:13:53,Sunday,alvaropuente.dev,Server ist aktiv
08:17:51,Sunday,alvaropuente.dev,Server ist aktiv
09:12:06,Sunday,alvaropuente.dev,Server ist aktiv
10:15:59,Sunday,alvaropuente.dev,Server ist aktiv
11:13:12,Sunday,alvaropuente.dev,Server ist aktiv
12:13:52,Sunday,alvaropuente.dev,Server ist aktiv
13:10:30,Sunday,alvaropuente.dev,Server ist aktiv
14:24:49,Sunday,alvaropuente.dev,Server ist aktiv
15:16:08,Sunday,alvaropuente.dev,Server ist aktiv
16:12:29,Sunday,alvaropuente.dev,Server ist aktiv
17:14:29,Sunday,alvaropuente.dev,Server ist aktiv
18:17:08,Sunday,alvaropuente.dev,Server ist aktiv
19:12:13,Sunday,alvaropuente.dev,Server ist aktiv
20:18:08,Sunday,alvaropuente.dev,Server ist aktiv
21:11:13,Sunday,alvaropuente.dev,Server ist aktiv
22:13:38,Sunday,alvaropuente.dev,Server ist aktiv
23:12:25,Sunday,alvaropuente.dev,Server ist aktiv
00:12:59,Monday,alvaropuente.dev,Server ist aktiv
01:15:37,Monday,alvaropuente.dev,Server ist aktiv
03:06:25,Monday,alvaropuente.dev,Server ist aktiv
04:42:54,Monday,alvaropuente.dev,Server ist aktiv
05:17:06,Monday,alvaropuente.dev,Server ist aktiv
06:16:49,Monday,alvaropuente.dev,Server ist aktiv
07:14:29,Monday,alvaropuente.dev,Server ist aktiv
08:20:26,Monday,alvaropuente.dev,Server ist aktiv
09:13:36,Monday,alvaropuente.dev,Server ist aktiv
10:19:30,Monday,alvaropuente.dev,Server ist aktiv
11:16:03,Monday,alvaropuente.dev,Server ist aktiv
12:15:47,Monday,alvaropuente.dev,Server ist aktiv
13:11:54,Monday,alvaropuente.dev,Server ist aktiv
14:28:06,Monday,alvaropuente.dev,Server ist aktiv
15:21:12,Monday,alvaropuente.dev,Server ist aktiv
16:15:26,Monday,alvaropuente.dev,Server ist aktiv
17:15:21,Monday,alvaropuente.dev,Server ist aktiv
18:17:12,Monday,alvaropuente.dev,Server ist aktiv
19:12:29,Monday,alvaropuente.dev,Server ist aktiv
20:18:24,Monday,alvaropuente.dev,Server ist aktiv
21:11:17,Monday,alvaropuente.dev,Server ist aktiv
22:14:55,Monday,alvaropuente.dev,Server ist aktiv
23:12:58,Monday,alvaropuente.dev,Server ist aktiv
00:12:29,Tuesday,alvaropuente.dev,Server ist aktiv
01:14:46,Tuesday,alvaropuente.dev,Server ist aktiv
03:05:07,Tuesday,alvaropuente.dev,Server ist aktiv
04:40:31,Tuesday,alvaropuente.dev,Server ist aktiv
05:15:47,Tuesday,alvaropuente.dev,Server ist aktiv
06:16:42,Tuesday,alvaropuente.dev,Server ist aktiv
07:13:52,Tuesday,alvaropuente.dev,Server ist aktiv
08:19:44,Tuesday,alvaropuente.dev,Server ist aktiv
09:14:11,Tuesday,alvaropuente.dev,Server ist aktiv
10:18:00,Tuesday,alvaropuente.dev,Server ist aktiv
11:15:39,Tuesday,alvaropuente.dev,Server ist aktiv
12:14:47,Tuesday,alvaropuente.dev,Server ist aktiv
13:12:20,Tuesday,alvaropuente.dev,Server ist aktiv
14:28:50,Tuesday,alvaropuente.dev,Server ist aktiv
15:20:29,Tuesday,alvaropuente.dev,Server ist aktiv
16:13:27,Tuesday,alvaropuente.dev,Server ist aktiv
17:14:10,Tuesday,alvaropuente.dev,Server ist aktiv
18:16:33,Tuesday,alvaropuente.dev,Server ist aktiv
19:12:21,Tuesday,alvaropuente.dev,Server ist aktiv
20:18:39,Tuesday,alvaropuente.dev,Server ist aktiv
21:12:25,Tuesday,alvaropuente.dev,Server ist aktiv
22:15:14,Tuesday,alvaropuente.dev,Server ist aktiv
23:13:07,Tuesday,alvaropuente.dev,Server ist aktiv
00:13:08,Wednesday,alvaropuente.dev,Server ist aktiv
01:13:05,Wednesday,alvaropuente.dev,Server ist aktiv
03:04:44,Wednesday,alvaropuente.dev,Server ist aktiv
04:38:57,Wednesday,alvaropuente.dev,Server ist aktiv
05:14:49,Wednesday,alvaropuente.dev,Server ist aktiv
06:18:59,Wednesday,alvaropuente.dev,Server ist aktiv
07:14:31,Wednesday,alvaropuente.dev,Server ist aktiv
08:20:00,Wednesday,alvaropuente.dev,Server ist aktiv
09:13:09,Wednesday,alvaropuente.dev,Server ist aktiv
10:18:11,Wednesday,alvaropuente.dev,Server ist aktiv
11:15:05,Wednesday,alvaropuente.dev,Server ist aktiv
12:14:31,Wednesday,alvaropuente.dev,Server ist aktiv
13:13:31,Wednesday,alvaropuente.dev,Server ist aktiv
14:28:15,Wednesday,alvaropuente.dev,Server ist aktiv
15:20:06,Wednesday,alvaropuente.dev,Server ist aktiv
16:12:49,Wednesday,alvaropuente.dev,Server ist aktiv
17:15:06,Wednesday,alvaropuente.dev,Server ist aktiv
18:17:21,Wednesday,alvaropuente.dev,Server ist aktiv
19:12:07,Wednesday,alvaropuente.dev,Server ist aktiv
20:18:30,Wednesday,alvaropuente.dev,Server ist aktiv
21:10:17,Wednesday,alvaropuente.dev,Server ist aktiv
22:13:36,Wednesday,alvaropuente.dev,Server ist aktiv
23:13:22,Wednesday,alvaropuente.dev,Server ist aktiv
00:12:46,Thursday,alvaropuente.dev,Server ist aktiv
01:13:53,Thursday,alvaropuente.dev,Server ist aktiv
03:04:56,Thursday,alvaropuente.dev,Server ist aktiv
04:39:56,Thursday,alvaropuente.dev,Server ist aktiv
05:15:01,Thursday,alvaropuente.dev,Server ist aktiv
06:17:23,Thursday,alvaropuente.dev,Server ist aktiv
07:14:02,Thursday,alvaropuente.dev,Server ist aktiv
08:20:05,Thursday,alvaropuente.dev,Server ist aktiv
09:13:29,Thursday,alvaropuente.dev,Server ist aktiv
10:17:44,Thursday,alvaropuente.dev,Server ist aktiv
11:14:42,Thursday,alvaropuente.dev,Server ist aktiv
12:15:20,Thursday,alvaropuente.dev,Server ist aktiv
13:11:48,Thursday,alvaropuente.dev,Server ist aktiv
14:27:05,Thursday,alvaropuente.dev,Server ist aktiv
15:20:24,Thursday,alvaropuente.dev,Server ist aktiv
16:14:30,Thursday,alvaropuente.dev,Server ist aktiv
17:14:30,Thursday,alvaropuente.dev,Server ist aktiv
18:16:52,Thursday,alvaropuente.dev,Server ist aktiv
19:12:47,Thursday,alvaropuente.dev,Server ist aktiv
20:19:42,Thursday,alvaropuente.dev,Server ist aktiv
21:10:40,Thursday,alvaropuente.dev,Server ist aktiv
22:15:25,Thursday,alvaropuente.dev,Server ist aktiv
23:12:56,Thursday,alvaropuente.dev,Server ist aktiv
00:13:59,Friday,alvaropuente.dev,Server ist aktiv
01:15:24,Friday,alvaropuente.dev,Server ist aktiv
03:04:49,Friday,alvaropuente.dev,Server ist aktiv
04:41:11,Friday,alvaropuente.dev,Server ist aktiv
05:15:50,Friday,alvaropuente.dev,Server ist aktiv
06:16:37,Friday,alvaropuente.dev,Server ist aktiv
07:13:27,Friday,alvaropuente.dev,Server ist aktiv
08:19:59,Friday,alvaropuente.dev,Server ist aktiv
09:14:45,Friday,alvaropuente.dev,Server ist aktiv
10:17:39,Friday,alvaropuente.dev,Server ist aktiv
11:14:44,Friday,alvaropuente.dev,Server ist aktiv
12:14:53,Friday,alvaropuente.dev,Server ist aktiv
13:12:22,Friday,alvaropuente.dev,Server ist aktiv
14:26:41,Friday,alvaropuente.dev,Server ist aktiv
15:19:34,Friday,alvaropuente.dev,Server ist aktiv
16:12:42,Friday,alvaropuente.dev,Server ist aktiv
17:15:16,Friday,alvaropuente.dev,Server ist aktiv
18:16:29,Friday,alvaropuente.dev,Server ist aktiv
19:12:37,Friday,alvaropuente.dev,Server ist aktiv
20:18:44,Friday,alvaropuente.dev,Server ist aktiv
21:11:22,Friday,alvaropuente.dev,Server ist aktiv
22:14:44,Friday,alvaropuente.dev,Server ist aktiv
23:12:20,Friday,alvaropuente.dev,Server ist aktiv
00:14:04,Saturday,alvaropuente.dev,Server ist aktiv
01:13:38,Saturday,alvaropuente.dev,Server ist aktiv
03:04:04,Saturday,alvaropuente.dev,Server ist aktiv
04:38:45,Saturday,alvaropuente.dev,Server ist aktiv
05:15:16,Saturday,alvaropuente.dev,Server ist aktiv
06:16:37,Saturday,alvaropuente.dev,Server ist aktiv
07:14:11,Saturday,alvaropuente.dev,Server ist aktiv
08:19:21,Saturday,alvaropuente.dev,Server ist aktiv
09:13:08,Saturday,alvaropuente.dev,Server ist aktiv
10:18:07,Saturday,alvaropuente.dev,Server ist aktiv
11:13:33,Saturday,alvaropuente.dev,Server ist aktiv
12:13:15,Saturday,alvaropuente.dev,Server ist aktiv
13:10:43,Saturday,alvaropuente.dev,Server ist aktiv
14:25:08,Saturday,alvaropuente.dev,Server ist aktiv
15:16:23,Saturday,alvaropuente.dev,Server ist aktiv
16:11:36,Saturday,alvaropuente.dev,Server ist aktiv
17:13:08,Saturday,alvaropuente.dev,Server ist aktiv
18:16:10,Saturday,alvaropuente.dev,Server ist aktiv
19:12:22,Saturday,alvaropuente.dev,Server ist aktiv
20:17:22,Saturday,alvaropuente.dev,Server ist aktiv
21:10:45,Saturday,alvaropuente.dev,Server ist aktiv
22:16:12,Saturday,alvaropuente.dev,Server ist aktiv
23:12:17,Saturday,alvaropuente.dev,Server ist aktiv
00:13:28,Sunday,alvaropuente.dev,Server ist aktiv
01:12:40,Sunday,alvaropuente.dev,Server ist aktiv
03:12:13,Sunday,alvaropuente.dev,Server ist aktiv
04:49:05,Sunday,alvaropuente.dev,Server ist aktiv
05:20:01,Sunday,alvaropuente.dev,Server ist aktiv
06:16:44,Sunday,alvaropuente.dev,Server ist aktiv
07:13:41,Sunday,alvaropuente.dev,Server ist aktiv
08:18:54,Sunday,alvaropuente.dev,Server ist aktiv
09:12:18,Sunday,alvaropuente.dev,Server ist aktiv
10:17:49,Sunday,alvaropuente.dev,Server ist aktiv
11:13:23,Sunday,alvaropuente.dev,Server ist aktiv
12:13:22,Sunday,alvaropuente.dev,Server ist aktiv
13:10:44,Sunday,alvaropuente.dev,Server ist aktiv
14:25:29,Sunday,alvaropuente.dev,Server ist aktiv
15:17:11,Sunday,alvaropuente.dev,Server ist aktiv
16:11:55,Sunday,alvaropuente.dev,Server ist aktiv
17:13:02,Sunday,alvaropuente.dev,Server ist aktiv
18:16:42,Sunday,alvaropuente.dev,Server ist aktiv
19:11:23,Sunday,alvaropuente.dev,Server ist aktiv
20:18:24,Sunday,alvaropuente.dev,Server ist aktiv
21:10:36,Sunday,alvaropuente.dev,Server ist aktiv
22:14:04,Sunday,alvaropuente.dev,Server ist aktiv
23:13:15,Sunday,alvaropuente.dev,Server ist aktiv
00:13:35,Monday,alvaropuente.dev,Server ist aktiv
01:13:26,Monday,alvaropuente.dev,Server ist aktiv
03:09:23,Monday,alvaropuente.dev,Server ist aktiv
04:50:45,Monday,alvaropuente.dev,Server ist aktiv
05:21:51,Monday,alvaropuente.dev,Server ist aktiv
06:17:23,Monday,alvaropuente.dev,Server ist aktiv
07:15:47,Monday,alvaropuente.dev,Server ist aktiv
08:20:33,Monday,alvaropuente.dev,Server ist aktiv
09:14:02,Monday,alvaropuente.dev,Server ist aktiv
10:18:57,Monday,alvaropuente.dev,Server ist aktiv
11:17:36,Monday,alvaropuente.dev,Server ist aktiv
12:16:03,Monday,alvaropuente.dev,Server ist aktiv
13:12:39,Monday,alvaropuente.dev,Server ist aktiv
14:29:07,Monday,alvaropuente.dev,Server ist aktiv
15:22:13,Monday,alvaropuente.dev,Server ist aktiv
16:14:07,Monday,alvaropuente.dev,Server ist aktiv
17:15:26,Monday,alvaropuente.dev,Server ist aktiv
18:17:23,Monday,alvaropuente.dev,Server ist aktiv
19:12:47,Monday,alvaropuente.dev,Server ist aktiv
20:18:24,Monday,alvaropuente.dev,Server ist aktiv
21:11:12,Monday,alvaropuente.dev,Server ist aktiv
22:15:06,Monday,alvaropuente.dev,Server ist aktiv
00:13:06,Tuesday,alvaropuente.dev,Server ist aktiv
01:12:47,Tuesday,alvaropuente.dev,Server ist aktiv
02:54:27,Tuesday,alvaropuente.dev,Server ist aktiv
03:51:16,Tuesday,alvaropuente.dev,Server ist aktiv
04:20:54,Tuesday,alvaropuente.dev,Server ist aktiv
05:15:39,Tuesday,alvaropuente.dev,Server ist aktiv
06:15:49,Tuesday,alvaropuente.dev,Server ist aktiv
07:15:15,Tuesday,alvaropuente.dev,Server ist aktiv
08:18:22,Tuesday,alvaropuente.dev,Server ist aktiv
09:12:42,Tuesday,alvaropuente.dev,Server ist aktiv
10:18:36,Tuesday,alvaropuente.dev,Server ist aktiv
11:14:35,Tuesday,alvaropuente.dev,Server ist aktiv
12:14:45,Tuesday,alvaropuente.dev,Server ist aktiv
13:12:00,Tuesday,alvaropuente.dev,Server ist aktiv
14:27:40,Tuesday,alvaropuente.dev,Server ist aktiv
15:20:56,Tuesday,alvaropuente.dev,Server ist aktiv
16:12:49,Tuesday,alvaropuente.dev,Server ist aktiv
17:14:47,Tuesday,alvaropuente.dev,Server ist aktiv
18:17:50,Tuesday,alvaropuente.dev,Server ist aktiv
19:12:36,Tuesday,alvaropuente.dev,Server ist aktiv
20:19:08,Tuesday,alvaropuente.dev,Server ist aktiv
21:11:08,Tuesday,alvaropuente.dev,Server ist aktiv
22:14:52,Tuesday,alvaropuente.dev,Server ist aktiv
23:13:04,Tuesday,alvaropuente.dev,Server ist aktiv
00:13:04,Wednesday,alvaropuente.dev,Server ist aktiv
01:16:04,Wednesday,alvaropuente.dev,Server ist aktiv
03:04:56,Wednesday,alvaropuente.dev,Server ist aktiv
04:40:44,Wednesday,alvaropuente.dev,Server ist aktiv
05:16:00,Wednesday,alvaropuente.dev,Server ist aktiv
06:17:37,Wednesday,alvaropuente.dev,Server ist aktiv
07:14:10,Wednesday,alvaropuente.dev,Server ist aktiv
08:20:21,Wednesday,alvaropuente.dev,Server ist aktiv
09:13:48,Wednesday,alvaropuente.dev,Server ist aktiv
10:17:15,Wednesday,alvaropuente.dev,Server ist aktiv
